Customer Name,Sales,Profit
Sean Miller,25043.05,-1980.7393
Tamara Chand,19052.218,8981.323900000001
Raymond Buch,15117.339,6976.0959
Tom Ashbrook,14595.62,4703.7883
Adrian Barton,14473.570999999998,5444.8055
Ken Lonsdale,14175.229000000001,806.855
Sanjit Chand,14142.333999999999,5757.411899999999
Hunter Lopez,12873.297999999999,5622.4292000000005
Sanjit Engle,12209.438000000002,2650.6769
Christopher Conant,12129.072000000002,2177.0493
